size,epoch,batch_number,loss
4.0,0.0,0.0,-0.705371618270874
4.0,0.0,2.0,-1.372321605682373
