size,epoch,batch_number,loss
4.0,0.0,0.0,2.0771474838256836
8.0,0.0,0.0,0.6648787260055542
