size,epoch,batch_number,loss
4.0,0.0,0.0,0.6647952795028687
4.0,0.0,2.0,-0.5616434216499329
