size,epoch,batch_number,loss
4.0,0.0,0.0,1.0860894918441772
8.0,0.0,0.0,0.8890600204467773
