size,epoch,batch_number,loss
4.0,0.0,0.0,1.0427005290985107
4.0,0.0,2.0,1.6118919849395752
