size,epoch,batch_number,loss
4.0,0.0,0.0,2.282120704650879
4.0,0.0,2.0,3.1564126014709473
